<?xml version="1.0" encoding="UTF-8"?>

<mule xmlns:batch="http://www.mulesoft.org/schema/mule/batch" xmlns:ee="http://www.mulesoft.org/schema/mule/ee/core"
	xmlns:file="http://www.mulesoft.org/schema/mule/file"
	xmlns:db="http://www.mulesoft.org/schema/mule/db" xmlns:http="http://www.mulesoft.org/schema/mule/http" xmlns="http://www.mulesoft.org/schema/mule/core" xmlns:doc="http://www.mulesoft.org/schema/mule/documentation" xmlns:xsi="http://www.w3.org/2001/XMLSchema-instance" xsi:schemaLocation="http://www.mulesoft.org/schema/mule/core http://www.mulesoft.org/schema/mule/core/current/mule.xsd
http://www.mulesoft.org/schema/mule/http http://www.mulesoft.org/schema/mule/http/current/mule-http.xsd
http://www.mulesoft.org/schema/mule/db http://www.mulesoft.org/schema/mule/db/current/mule-db.xsd
http://www.mulesoft.org/schema/mule/file http://www.mulesoft.org/schema/mule/file/current/mule-file.xsd
http://www.mulesoft.org/schema/mule/ee/core http://www.mulesoft.org/schema/mule/ee/core/current/mule-ee.xsd
http://www.mulesoft.org/schema/mule/batch http://www.mulesoft.org/schema/mule/batch/current/mule-batch.xsd">
	<db:config name="Database_Config" doc:name="Database Config" doc:id="8f7421f7-d4e5-4302-a427-150f8d4138b0" >
		<db:generic-connection url="jdbc:postgresql://localhost:5432/warehouse?password=admin&amp;user=postgres" driverClassName="org.postgresql.Driver" />
	</db:config>
	<db:config name="Database_Config1" doc:name="Database Config" doc:id="42323d29-d986-49dc-81c1-5656637cf46d" >
		<db:derby-connection database="warehouse" create="true" />
	</db:config>
	<db:config name="Database_Config_sql" doc:name="Database Config" doc:id="a947b065-97e3-41f9-a5f4-742e635056be" >
		<db:mssql-connection host="DESKTOP-DAKUKGH" databaseName="productdb">
			<db:connection-properties >
				<db:connection-property key="integratedSecurity" value="true" />
			</db:connection-properties>
		</db:mssql-connection>
	</db:config>
	<flow name="datamigrationFlow1" doc:id="cb18a34d-4096-494c-ba68-9c7214b7905e" >
		<file:read doc:name="ReadingCSV" doc:id="979c1eb1-ce5a-430e-95d4-e6da8812a69b" path="C:\bulkdata\bulkdata.csv"/>
		<ee:transform doc:name="Transform Message" doc:id="8ca42ab2-137a-4722-9407-4d5e3b0bbf18" >
			<ee:message >
				<ee:set-payload ><![CDATA[%dw 2.0
output application/java
---
payload map ( payload01 , indexOfPayload01 ) -> {
	quantity: payload01.quantity as String,
	product_supplier: payload01.product_supplier,
	city: payload01.city,
	product_id: payload01.product_id,
	product_name: payload01.product_name,
	description: payload01.description,
	product_code: payload01.product_code,
	department: payload01.department
}]]></ee:set-payload>
			</ee:message>
		</ee:transform>
		<logger level="INFO" doc:name="Logger" doc:id="20193780-d9f0-416f-a885-d2fdd5a39bd8" message="#[payload.product_name]" />
		<db:bulk-insert doc:name="Bulk insert" doc:id="81070ef5-3e0d-42e9-a7fd-1c055776ca4f" config-ref="Database_Config">
			<db:sql >INSERT INTO public.product_details(product_id, product_code, product_name, product_supplier, quantity, department, city, description)
	VALUES (:product_id, :product_code, :product_name, :product_supplier, :quantity, :department, :city, :description);</db:sql>
		</db:bulk-insert>
		<logger level="INFO" doc:name="Logger" doc:id="894691a5-b7be-4b59-9501-1f086f984556" message="#[payload]"/>
		<db:select doc:name="Select_Postgres" doc:id="5911a53a-2ba7-4e37-aa64-ee80e9bf4c36" config-ref="Database_Config">
			<db:sql >SELECT * FROM public.&quot;Product1&quot;;</db:sql>
		</db:select>
		<db:select doc:name="Select_sql" doc:id="70c4e482-a1eb-4eae-a82c-9ce919df0098" config-ref="Database_Config_sql">
			<db:sql>select * from product</db:sql>
		</db:select>
	</flow>
</mule>
