<?xml version="1.0" encoding="UTF-8"?>

<mule xmlns:batch="http://www.mulesoft.org/schema/mule/batch" xmlns:http="http://www.mulesoft.org/schema/mule/http"
	xmlns:ee="http://www.mulesoft.org/schema/mule/ee/core"
	xmlns:db="http://www.mulesoft.org/schema/mule/db" xmlns="http://www.mulesoft.org/schema/mule/core" xmlns:doc="http://www.mulesoft.org/schema/mule/documentation" xmlns:xsi="http://www.w3.org/2001/XMLSchema-instance" xsi:schemaLocation="http://www.mulesoft.org/schema/mule/core http://www.mulesoft.org/schema/mule/core/current/mule.xsd
http://www.mulesoft.org/schema/mule/db http://www.mulesoft.org/schema/mule/db/current/mule-db.xsd
http://www.mulesoft.org/schema/mule/ee/core http://www.mulesoft.org/schema/mule/ee/core/current/mule-ee.xsd
http://www.mulesoft.org/schema/mule/http http://www.mulesoft.org/schema/mule/http/current/mule-http.xsd
http://www.mulesoft.org/schema/mule/batch http://www.mulesoft.org/schema/mule/batch/current/mule-batch.xsd">
	
	<flow name="pocFlow3" doc:id="38051521-535c-4b41-99d8-be4981c33c6a" >
		<http:listener doc:name="Listener" doc:id="0474096f-6915-42f0-afba-7714f56bb5d7" config-ref="HTTP_Listener_config" path="/batchdata/{city}"/>
		<set-variable value="#[message.attributes.uriParams.city]" doc:name="city name" doc:id="cceef86e-979a-4caa-acb8-0a04d1d8ea15" variableName="cityname"/>
		<logger level="INFO" doc:name="input city name" doc:id="01f96a18-3a18-4a4a-b7b5-6782d6feb0ad" message="#[vars.cityname]" />
		<db:select doc:name="Select" doc:id="c8019479-e6a5-4227-9378-d05ab9aeb4df" config-ref="Database_Config2">
			<db:sql>SELECT city_id, city_name 	FROM public.city</db:sql>
		</db:select>
		<ee:transform doc:name="Transform Message" doc:id="dd058719-e5bf-4b4e-a6cc-9d97d05bdb00" >
			<ee:message >
			</ee:message>
			<ee:variables >
				<ee:set-variable variableName="cityvars" ><![CDATA[%dw 2.0
output application/java
---
payload]]></ee:set-variable>
			</ee:variables>
		</ee:transform>
		<logger level="INFO" doc:name="Logger" doc:id="b6af2481-6bff-4572-93e2-ade21caf14ff" message="#[vars.cityvars]"/>
		<db:select doc:name="Select" doc:id="c3b98375-25ca-4380-9f21-39fac8c9e8c1" config-ref="Database_Config">
			<db:sql >SELECT product_id, product_code, product_name, product_supplier, quantity, department, city, description
	FROM public.product_details where city = :cityname</db:sql>
			<db:input-parameters ><![CDATA[#[cityname : vars.cityname]]]></db:input-parameters>
		
</db:select>
		<ee:transform doc:name="Transform Message" doc:id="31aa05fd-c814-4c07-8e22-3ee9e92175dd" >
			<ee:message >
				<ee:set-payload ><![CDATA[%dw 2.0
output application/json
---
payload]]></ee:set-payload>
			</ee:message>
		</ee:transform>
		<logger level="INFO" doc:name="Logger" doc:id="4caeba8b-db60-4dd5-9343-70408ecd610b" message="#[payload]"/>
		<ee:transform doc:name="Transform Message" doc:id="4f75b153-ea9a-44d8-ab10-95f7f6fa4fcd" >
			<ee:message >
				<ee:set-payload ><![CDATA[%dw 2.0
output application/json
import * from dw::core::Arrays
---
(payload map ( payload01 , indexOfPayload01 ) -> {
	product_id: payload01.product_id,
	product_code: payload01.product_code,
	product_name: payload01.product_name,
	product_supplier: payload01.product_supplier,
	quantity: payload01.quantity,
	department: payload01.department,
	//city: payload01.city,

	//city_id: vars.cityvars.city_id[indexOf(vars.cityvars.city_name, payload01.city)]
	//city_id: if (vars.cityvars.city_name contains payload01.city ) (vars.cityvars.city_id) else 0
	//city_id: if ((vars.cityvars.city_name indexWhere (item) -> item == payload01.city) > 0) (vars.cityvars.city_id[vars.cityvars.city_name indexWhere (item) -> item == payload01.city]) else null,
	city: (vars.cityvars filter $.city_name == payload01.city)[0].city_id,
	//num: vars.cityvars.city_name indexWhere (item) -> item == payload01.city
})   
]]></ee:set-payload>
			</ee:message>
		</ee:transform>
		<logger level="INFO" doc:name="Logger" doc:id="75a9b70a-bf21-463b-bb9c-8ec76cb60d9e" message="Final Payload:  #[payload]" />
		<ee:transform doc:name="Transform Message" doc:id="24d8840c-fb38-463e-b03e-ec69e093fc8f" >
			<ee:message >
			</ee:message>
			<ee:variables >
				<ee:set-variable variableName="success" ><![CDATA[%dw 2.0
output application/json
---
payload filter $.city != null]]></ee:set-variable>
				<ee:set-variable variableName="failure" ><![CDATA[%dw 2.0
output application/json
---
payload filter $.city == null]]></ee:set-variable>
			</ee:variables>
		</ee:transform>
		<!-- <db:bulk-insert doc:name="Bulk insert" doc:id="7b67182e-4098-45fe-bb5f-5e186956923a" config-ref="Database_Config2">
			<db:bulk-input-parameters ><![CDATA[#[vars.success]]]></db:bulk-input-parameters>
			<db:sql >INSERT INTO public.items( product_id, product_code, product_name, product_supplier, quantity, department, city)
	VALUES (:product_id, :product_code, :product_name, :product_supplier, :quantity, :department, :city);</db:sql>
		</db:bulk-insert> -->
		<batch:job jobName="PCOwithBatchBatch_Job" doc:id="b5068483-474d-4d35-84b5-802d51472650" >
			<batch:process-records >
				<batch:step name="Batch_Step" doc:id="76dc65d4-a1be-4da0-b8a7-ddbe27fffd3b" >
					<try doc:name="Try" doc:id="3b62c6d8-9d35-4471-b70d-569b69695130" >
						<db:insert doc:name="Insert" doc:id="313f0eea-5306-4f35-b9eb-30db07bbd844" config-ref="Database_Config2">
				<db:sql>INSERT INTO public.items( product_id, product_code, product_name, product_supplier, quantity, department, city)
	VALUES ( :product_id, :product_code, :product_name, :product_supplier, :quantity, :department, :city)</db:sql>
					<db:input-parameters><![CDATA[#[{
	product_id : payload.product_id,
	product_code : payload.product_code,
	product_name : payload.product_name,
	product_supplier : payload.product_supplier,
	quantity : payload.quantity,
	department : payload.department,
	city: payload.city
}]]]></db:input-parameters>
						<db:sql>INSERT INTO public.items( product_id, product_code, product_name, product_supplier, quantity, department, city)
	VALUES ( :product_id, :product_code, :product_name, :product_supplier, :quantity, :department, :city)</db:sql>
						<db:input-parameters><![CDATA[#[{
	product_id : payload.product_id,
	product_code : payload.product_code,
	product_name : payload.product_name,
	product_supplier : payload.product_supplier,
	quantity : payload.quantity,
	department : payload.department,
	city: payload.city
}]]]></db:input-parameters>
			
</db:insert>
						<error-handler >
							<on-error-continue enableNotifications="true" logException="true" doc:name="On Error Continue" doc:id="6b7812dd-84fd-45fd-a307-036a0d3e1bf3" >
								<db:insert doc:name="Insert" doc:id="111f34ff-02db-4b9f-bef8-94646d51445a" config-ref="Database_Config2">
							<db:sql>INSERT INTO public.failure_records( product_id, product_code, product_name, product_supplier, quantity, department, city, failure_reason)
	VALUES (:product_id, :product_code, :product_name, :product_supplier, :quantity, :department, :city, :failure_reason);</db:sql>
							<db:input-parameters><![CDATA[#[{
	product_id : payload.product_id,
	product_code : payload.product_code,
	product_name : payload.product_name,
	product_supplier : payload.product_supplier,
	quantity : payload.quantity,
	department : payload.department,
	city: payload.city,
	failure_reason: error.description
}]]]></db:input-parameters>
									<db:sql >INSERT INTO public.failure_records( product_id, product_code, product_name, product_supplier, quantity, department, city, failure_reason)
	VALUES (:product_id, :product_code, :product_name, :product_supplier, :quantity, :department, :city, :failure_reason);</db:sql>
									<db:input-parameters ><![CDATA[#[{
	product_id : payload.product_id,
	product_code : payload.product_code,
	product_name : payload.product_name,
	product_supplier : payload.product_supplier,
	quantity : payload.quantity,
	department : payload.department,
	city: payload.city,
	failure_reason: error.description
}]]]></db:input-parameters>
						
</db:insert>
								<logger level="INFO" doc:name="Logger" doc:id="10560406-849b-4353-8e20-8e6afacfb7a8" message="#[payload]" />
							</on-error-continue>
						</error-handler>
					</try>
				</batch:step>
			</batch:process-records>
			<batch:on-complete >
				<logger level="INFO" doc:name="Logger" doc:id="c076b457-bbb2-4820-aed1-17321a6df19a" message="completed"/>
			</batch:on-complete>
		</batch:job>
		<ee:transform doc:name="Transform Message" doc:id="7009c1f4-2650-4754-954c-11d03d7f1fd2" >
			<ee:message >
				<ee:set-payload ><![CDATA[%dw 2.0
output application/json
---
[
{
	"success": vars.success
},
{
	"failures": vars.failure
}
]
]]></ee:set-payload>
			</ee:message>
		</ee:transform>
	</flow>
</mule>
