<?xml version="1.0" encoding="UTF-8"?>

<mule xmlns:http="http://www.mulesoft.org/schema/mule/http" xmlns:ee="http://www.mulesoft.org/schema/mule/ee/core"
	xmlns:db="http://www.mulesoft.org/schema/mule/db"
	xmlns="http://www.mulesoft.org/schema/mule/core" xmlns:doc="http://www.mulesoft.org/schema/mule/documentation" xmlns:xsi="http://www.w3.org/2001/XMLSchema-instance" xsi:schemaLocation="http://www.mulesoft.org/schema/mule/core http://www.mulesoft.org/schema/mule/core/current/mule.xsd
http://www.mulesoft.org/schema/mule/db http://www.mulesoft.org/schema/mule/db/current/mule-db.xsd
http://www.mulesoft.org/schema/mule/ee/core http://www.mulesoft.org/schema/mule/ee/core/current/mule-ee.xsd
http://www.mulesoft.org/schema/mule/http http://www.mulesoft.org/schema/mule/http/current/mule-http.xsd">
	<db:config name="Database_Config2" doc:name="Database Config" doc:id="7280d45c-1826-4ad0-ab4d-5bb51eb5c55c" >
		<db:generic-connection url="jdbc:postgresql://localhost:5432/product_db?password=admin&amp;user=postgres" driverClassName="org.postgresql.Driver" />
	</db:config>
	<flow name="pocFlow" doc:id="49d0d5a6-f65a-4d84-bcb5-54687d50f0ef" >
		<db:select doc:name="Select" doc:id="5a4a688d-6c0e-4e68-8949-8cbe9fd4bf8d" config-ref="Database_Config2">
			<db:sql>SELECT city_id, city_name 	FROM public.city</db:sql>
		</db:select>
		<ee:transform doc:name="Transform Message" doc:id="f32d7b25-0ae2-457c-bca5-c9696582e368" >
			<ee:message >
			</ee:message>
			<ee:variables >
				<ee:set-variable variableName="cityvars" ><![CDATA[%dw 2.0
output application/java
---
payload]]></ee:set-variable>
			</ee:variables>
		</ee:transform>
		<logger level="INFO" doc:name="Logger" doc:id="491fcb40-01cf-424c-a35a-d5840fa3d77a" message="#[vars.cityvars]"/>
		<db:select doc:name="Select" doc:id="b526fb62-42a3-4b39-ba28-78812d58f680" config-ref="Database_Config">
			<db:sql >SELECT product_id, product_code, product_name, product_supplier, quantity, department, city, description
	FROM public.product_details</db:sql>
		</db:select>
		<ee:transform doc:name="Transform Message" doc:id="956202f7-645d-4f7a-8fb6-5f5b1aeaf2aa" >
			<ee:message >
				<ee:set-payload ><![CDATA[%dw 2.0
output application/json
---
payload]]></ee:set-payload>
			</ee:message>
		</ee:transform>
		<logger level="INFO" doc:name="Logger" doc:id="d13cd9c3-2b6e-489a-943b-75464735b1a4" message="#[payload]"/>
		<ee:transform doc:name="Transform Message" doc:id="ee35264f-9094-4c6a-a594-a59231a3410b" >
			<ee:message >
				<ee:set-payload ><![CDATA[%dw 2.0
output application/json
import * from dw::core::Arrays
---
(payload map ( payload01 , indexOfPayload01 ) -> {
	product_id: payload01.product_id,
	product_code: payload01.product_code,
	product_name: payload01.product_name,
	product_supplier: payload01.product_supplier,
	quantity: payload01.quantity,
	department: payload01.department,
	//city: payload01.city,

	//city_id: vars.cityvars.city_id[indexOf(vars.cityvars.city_name, payload01.city)]
	//city_id: if (vars.cityvars.city_name contains payload01.city ) (vars.cityvars.city_id) else 0
	//city_id: if ((vars.cityvars.city_name indexWhere (item) -> item == payload01.city) > 0) (vars.cityvars.city_id[vars.cityvars.city_name indexWhere (item) -> item == payload01.city]) else null,
	city: (vars.cityvars filter $.city_name == payload01.city)[0].city_id,
	//num: vars.cityvars.city_name indexWhere (item) -> item == payload01.city
})   
]]></ee:set-payload>
			</ee:message>
		</ee:transform>
		<logger level="INFO" doc:name="Logger" doc:id="2b3c6d4a-efb2-4669-a114-74e7d3e4e131" message="Final Payload:  #[payload]" />
		<ee:transform doc:name="Transform Message" doc:id="7b382303-2439-4610-8a9f-444c5e6a54db" >
			<ee:message >
			</ee:message>
			<ee:variables >
				<ee:set-variable variableName="success" ><![CDATA[%dw 2.0
output application/json
---
payload filter $.city != null]]></ee:set-variable>
				<ee:set-variable variableName="failure" ><![CDATA[%dw 2.0
output application/json
---
payload filter $.city == null]]></ee:set-variable>
			</ee:variables>
		</ee:transform>
		<db:bulk-insert doc:name="Bulk insert" doc:id="dc2867b0-b718-4774-9677-dcacec26b26a" config-ref="Database_Config2">
			<db:bulk-input-parameters ><![CDATA[#[vars.success]]]></db:bulk-input-parameters>
			<db:sql >INSERT INTO public.items( product_id, product_code, product_name, product_supplier, quantity, department, city)
	VALUES (:product_id, :product_code, :product_name, :product_supplier, :quantity, :department, :city);</db:sql>
		</db:bulk-insert>
		<logger level="INFO" doc:name="Logger" doc:id="be4016f8-25ec-4798-b68b-6decb6f7eb43" message="#[vars.failure]"/>
		<!-- <db:bulk-insert doc:name="Bulk insert" doc:id="c47b9f2e-fbb9-472b-8778-3fa0f438650b" config-ref="Database_Config2">
			<db:sql >INSERT INTO public.items(master_id, master_name, description) values (:product_id, :product_name, :description)</db:sql>
		</db:bulk-insert>
		<logger level="INFO" doc:name="Logger" doc:id="9d4730ef-2e85-4dad-b93b-2d56f75b7957" message="#[payload]"/> -->
	</flow>
</mule>
