<?xml version="1.0" encoding="UTF-8"?>

<mule xmlns:http="http://www.mulesoft.org/schema/mule/http" xmlns:ee="http://www.mulesoft.org/schema/mule/ee/core"
	xmlns:db="http://www.mulesoft.org/schema/mule/db"
	xmlns="http://www.mulesoft.org/schema/mule/core" xmlns:doc="http://www.mulesoft.org/schema/mule/documentation" xmlns:xsi="http://www.w3.org/2001/XMLSchema-instance" xsi:schemaLocation="http://www.mulesoft.org/schema/mule/core http://www.mulesoft.org/schema/mule/core/current/mule.xsd
http://www.mulesoft.org/schema/mule/db http://www.mulesoft.org/schema/mule/db/current/mule-db.xsd
http://www.mulesoft.org/schema/mule/ee/core http://www.mulesoft.org/schema/mule/ee/core/current/mule-ee.xsd
http://www.mulesoft.org/schema/mule/http http://www.mulesoft.org/schema/mule/http/current/mule-http.xsd">
	<http:listener-config name="HTTP_Listener_config" doc:name="HTTP Listener config" doc:id="32b733fc-d54f-449c-bb10-20e53eed04a2" >
		<http:listener-connection host="0.0.0.0" port="8081" />
	</http:listener-config>
	<flow name="pocFlow2" doc:id="2123c014-4941-4468-ae4c-02776ed1614b" >
		<http:listener doc:name="Listener" doc:id="33f6a849-c75c-4ed9-933f-997e956fbdde" config-ref="HTTP_Listener_config" path="/data/{city}"/>
		<set-variable value="#[message.attributes.uriParams.city]" doc:name="city name" doc:id="62328a50-1297-4f5d-9c62-945ad56281a0" variableName="cityname"/>
		<logger level="INFO" doc:name="input city name" doc:id="ac1118cf-da7d-4955-b473-4cbd228b1629" message="#[vars.cityname]" />
		<db:select doc:name="Select" doc:id="c07313f7-e8f7-4ff6-9623-7c202ff06161" config-ref="Database_Config2">
			<db:sql>SELECT city_id, city_name 	FROM public.city</db:sql>
		</db:select>
		<ee:transform doc:name="Transform Message" doc:id="85d91a66-baef-40a7-be7c-5fa39c3069a1" >
			<ee:message >
			</ee:message>
			<ee:variables >
				<ee:set-variable variableName="cityvars" ><![CDATA[%dw 2.0
output application/java
---
payload]]></ee:set-variable>
			</ee:variables>
		</ee:transform>
		<logger level="INFO" doc:name="Logger" doc:id="8f50641a-0046-47eb-86a9-9df59eb74fd1" message="#[vars.cityvars]"/>
		<db:select doc:name="Select" doc:id="690794ea-8ec7-4576-a9ed-8d7c14ca978f" config-ref="Database_Config">
			<db:sql >SELECT product_id, product_code, product_name, product_supplier, quantity, department, city, description
	FROM public.product_details where city = :cityname</db:sql>
			<db:input-parameters ><![CDATA[#[cityname : vars.cityname]]]></db:input-parameters>
		
</db:select>
		<ee:transform doc:name="Transform Message" doc:id="a53ededf-c81b-4bfc-b4e4-08f983d759b3" >
			<ee:message >
				<ee:set-payload ><![CDATA[%dw 2.0
output application/json
---
payload]]></ee:set-payload>
			</ee:message>
		</ee:transform>
		<logger level="INFO" doc:name="Logger" doc:id="ecf71760-d657-48be-b051-ef248baedb2d" message="#[payload]"/>
		<ee:transform doc:name="Transform Message" doc:id="a1d8871f-812c-448c-a381-a16dc486f97a" >
			<ee:message >
				<ee:set-payload ><![CDATA[%dw 2.0
output application/json
import * from dw::core::Arrays
---
(payload map ( payload01 , indexOfPayload01 ) -> {
	product_id: payload01.product_id,
	product_code: payload01.product_code,
	product_name: payload01.product_name,
	product_supplier: payload01.product_supplier,
	quantity: payload01.quantity,
	department: payload01.department,
	//city: payload01.city,

	//city_id: vars.cityvars.city_id[indexOf(vars.cityvars.city_name, payload01.city)]
	//city_id: if (vars.cityvars.city_name contains payload01.city ) (vars.cityvars.city_id) else 0
	//city_id: if ((vars.cityvars.city_name indexWhere (item) -> item == payload01.city) > 0) (vars.cityvars.city_id[vars.cityvars.city_name indexWhere (item) -> item == payload01.city]) else null,
	city: (vars.cityvars filter $.city_name == payload01.city)[0].city_id,
	//num: vars.cityvars.city_name indexWhere (item) -> item == payload01.city
})   
]]></ee:set-payload>
			</ee:message>
		</ee:transform>
		<logger level="INFO" doc:name="Logger" doc:id="1582da19-51c1-4199-895f-a09c1bc76087" message="Final Payload:  #[payload]" />
		<ee:transform doc:name="Transform Message" doc:id="275f2e56-9753-41e5-bd10-c20bd1f815b9" >
			<ee:message >
			</ee:message>
			<ee:variables >
				<ee:set-variable variableName="success" ><![CDATA[%dw 2.0
output application/json
---
payload filter $.city != null]]></ee:set-variable>
				<ee:set-variable variableName="failure" ><![CDATA[%dw 2.0
output application/json
---
payload filter $.city == null]]></ee:set-variable>
			</ee:variables>
		</ee:transform>
		<!-- <db:bulk-insert doc:name="Bulk insert" doc:id="19f4a782-255a-4614-b59f-c2526d4c3bd3" config-ref="Database_Config2">
			<db:bulk-input-parameters ><![CDATA[#[vars.success]]]></db:bulk-input-parameters>
			<db:sql >INSERT INTO public.items( product_id, product_code, product_name, product_supplier, quantity, department, city)
	VALUES (:product_id, :product_code, :product_name, :product_supplier, :quantity, :department, :city);</db:sql>
		</db:bulk-insert> -->
		<foreach doc:name="For Each" doc:id="18bd0fcd-b878-4fe9-8bcd-cccd15919573" collection="#[vars.success]">
			<try doc:name="Try" doc:id="9bf5d73d-ed95-4814-ad19-8999140ea466" >
				<ee:transform doc:name="Transform Message" doc:id="74411726-d0e8-4610-b298-43dcac759f6a" >
					<ee:message >
					</ee:message>
					<ee:variables >
						<ee:set-variable variableName="vars.pl" ><![CDATA[%dw 2.0
output application/json
---
payload]]></ee:set-variable>
					</ee:variables>
				</ee:transform>
				<db:insert doc:name="Insert" doc:id="9c7f1e23-382f-4412-81ff-bab367bc88e6" config-ref="Database_Config2">
				<db:sql>INSERT INTO public.items( product_id, product_code, product_name, product_supplier, quantity, department, city)
	VALUES ( :product_id, :product_code, :product_name, :product_supplier, :quantity, :department, :city)</db:sql>
					<db:input-parameters ><![CDATA[#[{
	product_id : payload.product_id,
	product_code : payload.product_code,
	product_name : payload.product_name,
	product_supplier : payload.product_supplier,
	quantity : payload.quantity,
	department : payload.department,
	city: payload.city
}]]]></db:input-parameters>
			</db:insert>
				<error-handler >
					<on-error-continue enableNotifications="true" logException="true" doc:name="On Error Continue" doc:id="f817ccb6-b803-439f-824b-08b72af403c9" >
						<db:insert doc:name="Insert" doc:id="87b8c026-425a-4d28-bbfc-0efea65bfb6e" config-ref="Database_Config2">
							<db:sql >INSERT INTO public.failure_records( product_id, product_code, product_name, product_supplier, quantity, department, city, failure_reason)
	VALUES (:product_id, :product_code, :product_name, :product_supplier, :quantity, :department, :city, :failure_reason);</db:sql>
							<db:input-parameters ><![CDATA[#[{
	product_id : payload.product_id,
	product_code : payload.product_code,
	product_name : payload.product_name,
	product_supplier : payload.product_supplier,
	quantity : payload.quantity,
	department : payload.department,
	city: payload.city,
	failure_reason: error.description
}]]]></db:input-parameters>
						</db:insert>
						<logger level="INFO" doc:name="Logger" doc:id="02b04354-6207-4ce0-a0a6-984057f566eb" message='#[payload]'/>
					</on-error-continue>
				</error-handler>
			</try>
		</foreach>
		<ee:transform doc:name="Transform Message" doc:id="c5b5b998-1fdd-4c2a-bc81-2c915e092457" >
			<ee:message >
				<ee:set-payload ><![CDATA[%dw 2.0
output application/json
---
[
{
	"success": vars.success
},
{
	"failures": vars.failure
}
]
]]></ee:set-payload>
			</ee:message>
		</ee:transform>
	</flow>
</mule>
