{
  "version": "1.1.0",
  "artifactCoordinates": {
    "groupId": "org.mule.connectors",
    "artifactId": "mule-db-connector",
    "version": "1.5.0",
    "type": "jar",
    "classifier": "mule-plugin"
  },
  "dependencies": [
    {
      "artifactCoordinates": {
        "groupId": "org.mule.mchange",
        "artifactId": "c3p0",
        "version": "0.9.5.2-MULE-002",
        "type": "jar"
      },
      "uri": "repository/org/mule/mchange/c3p0/0.9.5.2-MULE-002/c3p0-0.9.5.2-MULE-002.jar"
    },
    {
      "artifactCoordinates": {
        "groupId": "com.mchange",
        "artifactId": "mchange-commons-java",
        "version": "0.2.11",
        "type": "jar"
      },
      "uri": "repository/com/mchange/mchange-commons-java/0.2.11/mchange-commons-java-0.2.11.jar"
    },
    {
      "artifactCoordinates": {
        "groupId": "org.apache.commons",
        "artifactId": "commons-lang3",
        "version": "3.7",
        "type": "jar"
      },
      "uri": "repository/org/apache/commons/commons-lang3/3.7/commons-lang3-3.7.jar"
    },
    {
      "artifactCoordinates": {
        "groupId": "commons-io",
        "artifactId": "commons-io",
        "version": "2.6",
        "type": "jar"
      },
      "uri": "repository/commons-io/commons-io/2.6/commons-io-2.6.jar"
    },
    {
      "artifactCoordinates": {
        "groupId": "commons-collections",
        "artifactId": "commons-collections",
        "version": "3.2.2",
        "type": "jar"
      },
      "uri": "repository/commons-collections/commons-collections/3.2.2/commons-collections-3.2.2.jar"
    },
    {
      "artifactCoordinates": {
        "groupId": "javax.transaction",
        "artifactId": "javax.transaction-api",
        "version": "1.2",
        "type": "jar"
      },
      "uri": "repository/javax/transaction/javax.transaction-api/1.2/javax.transaction-api-1.2.jar"
    },
    {
      "artifactCoordinates": {
        "groupId": "com.github.ben-manes.caffeine",
        "artifactId": "caffeine",
        "version": "2.6.2",
        "type": "jar"
      },
      "uri": "repository/com/github/ben-manes/caffeine/caffeine/2.6.2/caffeine-2.6.2.jar"
    },
    {
      "artifactCoordinates": {
        "groupId": "com.experlog",
        "artifactId": "xapool",
        "version": "1.5.0",
        "type": "jar"
      },
      "uri": "repository/com/experlog/xapool/1.5.0/xapool-1.5.0.jar"
    }
  ]
}