{
  "version": "1.1.0",
  "artifactCoordinates": {
    "groupId": "org.mule.connectors",
    "artifactId": "mule-http-connector",
    "version": "1.5.3",
    "type": "jar",
    "classifier": "mule-plugin"
  },
  "dependencies": [
    {
      "artifactCoordinates": {
        "groupId": "org.mule.connectors",
        "artifactId": "mule-sockets-connector",
        "version": "1.1.5",
        "type": "jar",
        "classifier": "mule-plugin"
      },
      "uri": "repository/org/mule/connectors/mule-sockets-connector/1.1.5/mule-sockets-connector-1.1.5-mule-plugin.jar"
    },
    {
      "artifactCoordinates": {
        "groupId": "org.mule.modules",
        "artifactId": "mule-module-cors-kernel",
        "version": "1.1.2",
        "type": "jar"
      },
      "uri": "repository/org/mule/modules/mule-module-cors-kernel/1.1.2/mule-module-cors-kernel-1.1.2.jar"
    },
    {
      "artifactCoordinates": {
        "groupId": "commons-codec",
        "artifactId": "commons-codec",
        "version": "1.11",
        "type": "jar"
      },
      "uri": "repository/commons-codec/commons-codec/1.11/commons-codec-1.11.jar"
    },
    {
      "artifactCoordinates": {
        "groupId": "org.apache.commons",
        "artifactId": "commons-lang3",
        "version": "3.7",
        "type": "jar"
      },
      "uri": "repository/org/apache/commons/commons-lang3/3.7/commons-lang3-3.7.jar"
    },
    {
      "artifactCoordinates": {
        "groupId": "com.google.guava",
        "artifactId": "guava",
        "version": "25.1-jre",
        "type": "jar"
      },
      "uri": "repository/com/google/guava/guava/25.1-jre/guava-25.1-jre.jar"
    },
    {
      "artifactCoordinates": {
        "groupId": "com.google.code.findbugs",
        "artifactId": "jsr305",
        "version": "3.0.2",
        "type": "jar"
      },
      "uri": "repository/com/google/code/findbugs/jsr305/3.0.2/jsr305-3.0.2.jar"
    },
    {
      "artifactCoordinates": {
        "groupId": "org.checkerframework",
        "artifactId": "checker-qual",
        "version": "2.0.0",
        "type": "jar"
      },
      "uri": "repository/org/checkerframework/checker-qual/2.0.0/checker-qual-2.0.0.jar"
    },
    {
      "artifactCoordinates": {
        "groupId": "com.google.errorprone",
        "artifactId": "error_prone_annotations",
        "version": "2.1.3",
        "type": "jar"
      },
      "uri": "repository/com/google/errorprone/error_prone_annotations/2.1.3/error_prone_annotations-2.1.3.jar"
    },
    {
      "artifactCoordinates": {
        "groupId": "com.google.j2objc",
        "artifactId": "j2objc-annotations",
        "version": "1.1",
        "type": "jar"
      },
      "uri": "repository/com/google/j2objc/j2objc-annotations/1.1/j2objc-annotations-1.1.jar"
    },
    {
      "artifactCoordinates": {
        "groupId": "org.codehaus.mojo",
        "artifactId": "animal-sniffer-annotations",
        "version": "1.14",
        "type": "jar"
      },
      "uri": "repository/org/codehaus/mojo/animal-sniffer-annotations/1.14/animal-sniffer-annotations-1.14.jar"
    },
    {
      "artifactCoordinates": {
        "groupId": "com.sun.activation",
        "artifactId": "javax.activation",
        "version": "1.2.0",
        "type": "jar"
      },
      "uri": "repository/com/sun/activation/javax.activation/1.2.0/javax.activation-1.2.0.jar"
    }
  ]
}